Model,AUC Train,AUC Test,Sensitivity Train,Sensitivity Test,Specificity Train,Specificity Test,PPV Train,PPV Test,NPV Train,NPV Test
Logistic Regression,0.49 (0.49-0.49),0.44 (0.44-0.44),0.0,0.0,1.0,1.0,0.0,0.0,0.6026490066225165,0.7157894736842105
Random Forest,0.98 (0.98-0.98),0.39 (0.39-0.39),0.8916666666666667,0.0,0.9615384615384616,1.0,0.9385964912280702,0.0,0.9308510638297872,0.7157894736842105
SVM,0.54 (0.54-0.54),0.63 (0.63-0.63),0.0,0.0,1.0,1.0,0.0,0.0,0.6026490066225165,0.7157894736842105
Naive Bayes,0.67 (0.67-0.67),0.39 (0.39-0.39),0.5333333333333333,0.2222222222222222,0.6868131868131868,0.6176470588235294,0.5289256198347108,0.1875,0.6906077348066298,0.6666666666666666
